text,normalName,predictedType,q,qid,docId,origText,url
FRANCE,france,UNK,true,Q1102,1102,FRANCE,http://en.wikipedia.org/wiki/France_national_football_team
WORLD CUP,world-cup,UNK,true,Q1102,1102,WORLD CUP,http://en.wikipedia.org/wiki/1998_FIFA_World_Cup
PARIS,paris,UNK,true,Q1102,1102,PARIS,http://en.wikipedia.org/wiki/Paris
Euro 96,euro-96,UNK,true,Q1102,1102,Euro 96,http://en.wikipedia.org/wiki/UEFA_Euro_1996
Nicolas Ouedec,nicolas-ouedec,UNK,true,Q1102,1102,Nicolas Ouedec,http://en.wikipedia.org/wiki/Nicolas_Ouédec
Youri Djorkaeff,youri-djorkaeff,UNK,true,Q1102,1102,Youri Djorkaeff,http://en.wikipedia.org/wiki/Youri_Djorkaeff
World Cup,world-cup,UNK,true,Q1102,1102,World Cup,http://en.wikipedia.org/wiki/FIFA_World_Cup
France,france,UNK,true,Q1102,1102,France,http://en.wikipedia.org/wiki/France_national_football_team
Mexico,mexico,UNK,true,Q1102,1102,Mexico,http://en.wikipedia.org/wiki/Mexico_national_football_team
Aime Jacquet,aime-jacquet,UNK,true,Q1102,1102,Aime Jacquet,http://en.wikipedia.org/wiki/Aimé_Jacquet
Chelsea,chelsea,UNK,true,Q1102,1102,Chelsea,http://en.wikipedia.org/wiki/Chelsea_F.C.
Franck Leboeuf,franck-leboeuf,UNK,true,Q1102,1102,Franck Leboeuf,http://en.wikipedia.org/wiki/Frank_Leboeuf
Franck Leboeuf,franck-leboeuf,UNK,true,Q1102,1102,Leboeuf,http://en.wikipedia.org/wiki/Frank_Leboeuf
Mexican,mexican,UNK,true,Q1102,1102,Mexican,http://en.wikipedia.org/wiki/Mexico
Ricardo Pelaez,ricardo-pelaez,UNK,true,Q1102,1102,Ricardo Pelaez,http://en.wikipedia.org/wiki/Ricardo_Peláez
Mexicans,mexicans,UNK,true,Q1102,1102,Mexicans,NIL
Juventus,juventus,UNK,true,Q1102,1102,Juventus,http://en.wikipedia.org/wiki/Juventus_F.C.
Zinedine Zidane,zinedine-zidane,UNK,true,Q1102,1102,Zinedine Zidane,http://en.wikipedia.org/wiki/Zinedine_Zidane
Youri Djorkaeff,youri-djorkaeff,UNK,true,Q1102,1102,Djorkaeff,http://en.wikipedia.org/wiki/Youri_Djorkaeff
Espanyol,espanyol,UNK,true,Q1102,1102,Espanyol,http://en.wikipedia.org/wiki/RCD_Espanyol
Barcelona,barcelona,UNK,true,Q1102,1102,Barcelona,http://en.wikipedia.org/wiki/Barcelona
Nantes,nantes,UNK,true,Q1102,1102,Nantes,http://en.wikipedia.org/wiki/FC_Nantes
European,european,UNK,true,Q1102,1102,European,http://en.wikipedia.org/wiki/UEFA_European_Championship
Joaquin del Olmo,joaquin-del-olmo,UNK,true,Q1102,1102,Joaquin del Olmo,http://en.wikipedia.org/wiki/Joaquín_del_Olmo
Internazionale Milan,internazionale-milan,UNK,true,Q1102,1102,Internazionale Milan,http://en.wikipedia.org/wiki/Inter_Milan
Jacquet,jacquet,UNK,true,Q1102,1102,Jacquet,NIL
France,france,UNK,true,Q1102,1102,France,http://en.wikipedia.org/wiki/France
World Cup,world-cup,UNK,true,Q1102,1102,World Cup,http://en.wikipedia.org/wiki/1998_FIFA_World_Cup
Bernard Lama,bernard-lama,UNK,true,Q1102,1102,Bernard Lama,http://en.wikipedia.org/wiki/Bernard_Lama
Lilian Thuram,lilian-thuram,UNK,true,Q1102,1102,Lilian Thuram,http://en.wikipedia.org/wiki/Lilian_Thuram
Sabri Lamouchi,sabri-lamouchi,UNK,true,Q1102,1102,Sabri Lamouchi,http://en.wikipedia.org/wiki/Sabri_Lamouchi
Laurent Blanc,laurent-blanc,UNK,true,Q1102,1102,Laurent Blanc,http://en.wikipedia.org/wiki/Laurent_Blanc
Marcel Desailly,marcel-desailly,UNK,true,Q1102,1102,Marcel Desailly,http://en.wikipedia.org/wiki/Marcel_Desailly
Bixente Lizarazu,bixente-lizarazu,UNK,true,Q1102,1102,Bixente Lizarazu,http://en.wikipedia.org/wiki/Bixente_Lizarazu
Christian Karembeu,christian-karembeu,UNK,true,Q1102,1102,Christian Karembeu,http://en.wikipedia.org/wiki/Christian_Karembeu
Didier Deschamps,didier-deschamps,UNK,true,Q1102,1102,Didier Deschamps,http://en.wikipedia.org/wiki/Didier_Deschamps
Reynald Pedros,reynald-pedros,UNK,true,Q1102,1102,Reynald Pedros,http://en.wikipedia.org/wiki/Reynald_Pedros
Robert Pires,robert-pires,UNK,true,Q1102,1102,Robert Pires,http://en.wikipedia.org/wiki/Robert_Pirès
Florian Maurice,florian-maurice,UNK,true,Q1102,1102,Florian Maurice,http://en.wikipedia.org/wiki/Florian_Maurice
Patrice Loko,patrice-loko,UNK,true,Q1102,1102,Patrice Loko,http://en.wikipedia.org/wiki/Patrice_Loko
Pavel Pardo,pavel-pardo,UNK,true,Q1102,1102,Pavel Pardo,http://en.wikipedia.org/wiki/Pável_Pardo
Claudio Suarez,claudio-suarez,UNK,true,Q1102,1102,Claudio Suarez,http://en.wikipedia.org/wiki/Claudio_Suárez
Duilio Davino,duilio-davino,UNK,true,Q1102,1102,Duilio Davino,http://en.wikipedia.org/wiki/Duilio_Davino
Becerril,becerril,UNK,true,Q1102,1102,Becerril,NIL
German Villa,german-villa,UNK,true,Q1102,1102,German Villa,http://en.wikipedia.org/wiki/Germán_Villa
Gomez,gomez,UNK,true,Q1102,1102,Gomez,http://en.wikipedia.org/wiki/Herculez_Gomez
Cuauhtemoc Blanco,cuauhtemoc-blanco,UNK,true,Q1102,1102,Cuauhtemoc Blanco,http://en.wikipedia.org/wiki/Cuauhtémoc_Blanco
Alberto Garcia Aspe,alberto-garcia-aspe,UNK,true,Q1102,1102,Alberto Garcia Aspe,http://en.wikipedia.org/wiki/Alberto_García_Aspe
Ramon Ramirez,ramon-ramirez,UNK,true,Q1102,1102,Ramon Ramirez,http://en.wikipedia.org/wiki/Ramón_Ramírez
Jesus Arellano,jesus-arellano,UNK,true,Q1102,1102,Jesus Arellano,http://en.wikipedia.org/wiki/Jesús_Arellano
Enrique Alfaro,enrique-alfaro,UNK,true,Q1102,1102,Enrique Alfaro,http://en.wikipedia.org/wiki/Enrique_Alfaro
Francisco Palencia,francisco-palencia,UNK,true,Q1102,1102,Francisco Palencia,http://en.wikipedia.org/wiki/Francisco_Palencia
Luis Garcia,luis-garcia,UNK,true,Q1102,1102,Luis Garcia,"http://en.wikipedia.org/wiki/Luis_García_(footballer,_born_1969)"
