text,normalName,predictedType,q,qid,docId,origText,url
RUGBY UNION,rugby-union,UNK,true,Q1173,1173,RUGBY UNION,http://en.wikipedia.org/wiki/Rugby_union
LITTLE,little,UNK,true,Q1173,1173,LITTLE,NIL
David Campese,david-campese,UNK,true,Q1173,1173,CAMPESE,http://en.wikipedia.org/wiki/David_Campese
LONDON,london,UNK,true,Q1173,1173,LONDON,http://en.wikipedia.org/wiki/London
Jason Little,jason-little,UNK,true,Q1173,1173,Jason Little,http://en.wikipedia.org/wiki/Jason_Little_(rugby_union)
Australia,australia,UNK,true,Q1173,1173,Australia,http://en.wikipedia.org/wiki/Australia
Barbarians,barbarians,UNK,true,Q1173,1173,Barbarians,http://en.wikipedia.org/wiki/Barbarian_F.C.
Twickenham,twickenham,UNK,true,Q1173,1173,Twickenham,http://en.wikipedia.org/wiki/Twickenham_Stadium
Little,little,UNK,true,Q1173,1173,Little,NIL
Queenslander,queenslander,UNK,true,Q1173,1173,Queenslander,http://en.wikipedia.org/wiki/Queensland
Daniel Herbert,daniel-herbert,UNK,true,Q1173,1173,Daniel Herbert,http://en.wikipedia.org/wiki/Daniel_Herbert
Owen Finegan,owen-finegan,UNK,true,Q1173,1173,Owen Finegan,http://en.wikipedia.org/wiki/Owen_Finegan
Wales,wales,UNK,true,Q1173,1173,Wales,http://en.wikipedia.org/wiki/Wales_national_rugby_union_team
Wallabies,wallabies,UNK,true,Q1173,1173,Wallabies,http://en.wikipedia.org/wiki/Australia_national_rugby_union_team
European,european,UNK,true,Q1173,1173,European,http://en.wikipedia.org/wiki/Europe
David Campese,david-campese,UNK,true,Q1173,1173,David Campese,http://en.wikipedia.org/wiki/David_Campese
Australian,australian,UNK,true,Q1173,1173,Australian,http://en.wikipedia.org/wiki/Australia
David Campese,david-campese,UNK,true,Q1173,1173,Campese,http://en.wikipedia.org/wiki/David_Campese
Rob Andrew,rob-andrew,UNK,true,Q1173,1173,Rob Andrew,http://en.wikipedia.org/wiki/Rob_Andrew
Australia,australia,UNK,true,Q1173,1173,Australia,http://en.wikipedia.org/wiki/Australia_national_rugby_union_team
World Cup,world-cup,UNK,true,Q1173,1173,World Cup,http://en.wikipedia.org/wiki/Rugby_World_Cup
Cape Town,cape-town,UNK,true,Q1173,1173,Cape Town,http://en.wikipedia.org/wiki/Cape_Town
Campo,campo,UNK,true,Q1173,1173,Campo,NIL
Andrew Blades,andrew-blades,UNK,true,Q1173,1173,Andrew,NIL
Italy,italy,UNK,true,Q1173,1173,Italy,http://en.wikipedia.org/wiki/Italy_national_rugby_union_team
Scotland,scotland,UNK,true,Q1173,1173,Scotland,http://en.wikipedia.org/wiki/Scotland_national_rugby_union_team
Ireland,ireland,UNK,true,Q1173,1173,Ireland,http://en.wikipedia.org/wiki/Ireland_national_rugby_union_team
England,england,UNK,true,Q1173,1173,England,http://en.wikipedia.org/wiki/England
Tim Stimpson,tim-stimpson,UNK,true,Q1173,1173,Tim Stimpson,http://en.wikipedia.org/wiki/Tim_Stimpson
Tony Underwood,tony-underwood,UNK,true,Q1173,1173,Tony Underwood,http://en.wikipedia.org/wiki/Tony_Underwood
All Black,all-black,UNK,true,Q1173,1173,All Black,http://en.wikipedia.org/wiki/New_Zealand_national_rugby_union_team
Ian Jones,ian-jones,UNK,true,Q1173,1173,Ian Jones,http://en.wikipedia.org/wiki/Ian_Jones_(rugby_union)
Norm Hewitt,norm-hewitt,UNK,true,Q1173,1173,Norm Hewitt,http://en.wikipedia.org/wiki/Norm_Hewitt
Nigel Walker,nigel-walker,UNK,true,Q1173,1173,Nigel Walker,http://en.wikipedia.org/wiki/Nigel_Walker
Wales,wales,UNK,true,Q1173,1173,Wales,http://en.wikipedia.org/wiki/Wales
Allan Bateman,allan-bateman,UNK,true,Q1173,1173,Allan Bateman,http://en.wikipedia.org/wiki/Allan_Bateman
Gregor Townsend,gregor-townsend,UNK,true,Q1173,1173,Gregor Townsend,http://en.wikipedia.org/wiki/Gregor_Townsend
Scotland,scotland,UNK,true,Q1173,1173,Scotland,http://en.wikipedia.org/wiki/Scotland
Rob Howley,rob-howley,UNK,true,Q1173,1173,Rob Howley,http://en.wikipedia.org/wiki/Rob_Howley
Scott Quinnell,scott-quinnell,UNK,true,Q1173,1173,Scott Quinnell,http://en.wikipedia.org/wiki/Scott_Quinnell
Neil Back,neil-back,UNK,true,Q1173,1173,Neil Back,http://en.wikipedia.org/wiki/Neil_Back
Dale McIntosh,dale-mcintosh,UNK,true,Q1173,1173,Dale McIntosh,http://en.wikipedia.org/wiki/Dale_McIntosh
Pontypridd,pontypridd,UNK,true,Q1173,1173,Pontypridd,http://en.wikipedia.org/wiki/Pontypridd
New Zealand,new-zealand,UNK,true,Q1173,1173,New Zealand,http://en.wikipedia.org/wiki/New_Zealand
Craig Quinnell,craig-quinnell,UNK,true,Q1173,1173,Craig Quinnell,http://en.wikipedia.org/wiki/Craig_Quinnell
Darren Garforth,darren-garforth,UNK,true,Q1173,1173,Darren Garforth,http://en.wikipedia.org/wiki/Darren_Garforth
Leicester,leicester,UNK,true,Q1173,1173,Leicester,http://en.wikipedia.org/wiki/Leicester_Tigers
Nick Popplewell,nick-popplewell,UNK,true,Q1173,1173,Nick Popplewell,http://en.wikipedia.org/wiki/Nick_Popplewell
Ireland,ireland,UNK,true,Q1173,1173,Ireland,http://en.wikipedia.org/wiki/Republic_of_Ireland
Matthew Burke,matthew-burke,UNK,true,Q1173,1173,Matthew Burke,http://en.wikipedia.org/wiki/Matt_Burke
Joe Roff,joe-roff,UNK,true,Q1173,1173,Joe Roff,http://en.wikipedia.org/wiki/Joe_Roff
Tim Horan,tim-horan,UNK,true,Q1173,1173,Tim Horan,http://en.wikipedia.org/wiki/Tim_Horan
Pat Howard,pat-howard,UNK,true,Q1173,1173,Pat Howard,http://en.wikipedia.org/wiki/Pat_Howard
David Wilson,david-wilson,UNK,true,Q1173,1173,David Wilson,http://en.wikipedia.org/wiki/David_Wilson_(English_rugby_union_prop)
David Giffin,david-giffin,UNK,true,Q1173,1173,David Giffin,http://en.wikipedia.org/wiki/David_Giffin
Tim Gavin,tim-gavin,UNK,true,Q1173,1173,Tim Gavin,NIL
Andrew Blades,andrew-blades,UNK,true,Q1173,1173,Andrew Blades,NIL
Dan Crowley,dan-crowley,UNK,true,Q1173,1173,Dan Crowley,http://en.wikipedia.org/wiki/Dan_Crowley
