text,normalName,predictedType,q,qid,docId,origText,url
ITALIAN,italian,UNK,true,Q1208,1208,ITALIAN,http://en.wikipedia.org/wiki/Italy
ROME,rome,UNK,true,Q1208,1208,ROME,http://en.wikipedia.org/wiki/Rome
Italian,italian,UNK,true,Q1208,1208,Italian,http://en.wikipedia.org/wiki/Italy
Serie A,serie-a,UNK,true,Q1208,1208,Serie A,http://en.wikipedia.org/wiki/Serie_A
GMT,gmt,UNK,true,Q1208,1208,GMT,http://en.wikipedia.org/wiki/Greenwich_Mean_Time
Bologna,bologna,UNK,true,Q1208,1208,Bologna,http://en.wikipedia.org/wiki/Bologna_F.C._1909
Piacenza,piacenza,UNK,true,Q1208,1208,Piacenza,http://en.wikipedia.org/wiki/S.S.D._Piacenza_Calcio_1919
Vicenza,vicenza,UNK,true,Q1208,1208,Vicenza,http://en.wikipedia.org/wiki/Vicenza_Calcio
Swede,swede,UNK,true,Q1208,1208,Swede,http://en.wikipedia.org/wiki/Sweden
Kennet Andersson,kennet-andersson,UNK,true,Q1208,1208,Kennet Andersson,http://en.wikipedia.org/wiki/Kennet_Andersson
Russian,russian,UNK,true,Q1208,1208,Russian,http://en.wikipedia.org/wiki/Russia
Igor Kolyvanov,igor-kolyvanov,UNK,true,Q1208,1208,Igor Kolyvanov,http://en.wikipedia.org/wiki/Igor_Kolyvanov
AC Milan,ac-milan,UNK,true,Q1208,1208,AC Milan,http://en.wikipedia.org/wiki/A.C._Milan
Cagliari,cagliari,UNK,true,Q1208,1208,Cagliari,http://en.wikipedia.org/wiki/Cagliari_Calcio
Reggiana,reggiana,UNK,true,Q1208,1208,Reggiana,http://en.wikipedia.org/wiki/A.C._Reggiana_1919
Napoli,napoli,UNK,true,Q1208,1208,Napoli,http://en.wikipedia.org/wiki/S.S.C._Napoli
Inter,inter,UNK,true,Q1208,1208,Inter,http://en.wikipedia.org/wiki/Inter_Milan
Swiss,swiss,UNK,true,Q1208,1208,Swiss,http://en.wikipedia.org/wiki/Switzerland
Ramon Vega,ramon-vega,UNK,true,Q1208,1208,Ramon Vega,http://en.wikipedia.org/wiki/Ramon_Vega
German,german,UNK,true,Q1208,1208,German,http://en.wikipedia.org/wiki/Germany
Dietmar Beiersdorfer,dietmar-beiersdorfer,UNK,true,Q1208,1208,Dietmar Beiersdorfer,http://en.wikipedia.org/wiki/Dietmar_Beiersdorfer
Fiorentina,fiorentina,UNK,true,Q1208,1208,Fiorentina,http://en.wikipedia.org/wiki/ACF_Fiorentina
Perugia,perugia,UNK,true,Q1208,1208,Perugia,http://en.wikipedia.org/wiki/A.C._Perugia_Calcio
Daniele Carnasciali,daniele-carnasciali,UNK,true,Q1208,1208,Daniele Carnasciali,http://en.wikipedia.org/wiki/Daniele_Carnasciali
Lorenzo Amoruso,lorenzo-amoruso,UNK,true,Q1208,1208,Lorenzo Amoruso,http://en.wikipedia.org/wiki/Lorenzo_Amoruso
Croat,croat,UNK,true,Q1208,1208,Croat,http://en.wikipedia.org/wiki/Croatia
Fausto Pizzi,fausto-pizzi,UNK,true,Q1208,1208,Fausto Pizzi,http://en.wikipedia.org/wiki/Fausto_Pizzi
Lazio,lazio,UNK,true,Q1208,1208,Lazio,http://en.wikipedia.org/wiki/S.S._Lazio
AS Roma,as-roma,UNK,true,Q1208,1208,AS Roma,http://en.wikipedia.org/wiki/A.S._Roma
Roman,roman,UNK,true,Q1208,1208,Roman,http://en.wikipedia.org/wiki/Rome
Rome,rome,UNK,true,Q1208,1208,Rome,http://en.wikipedia.org/wiki/Rome
UEFA Cups,uefa-cups,UNK,true,Q1208,1208,UEFA Cups,http://en.wikipedia.org/wiki/UEFA_Europa_League
Pierluigi Casiraghi,pierluigi-casiraghi,UNK,true,Q1208,1208,Pierluigi Casiraghi,http://en.wikipedia.org/wiki/Pierluigi_Casiraghi
Czech,czech,UNK,true,Q1208,1208,Czech,http://en.wikipedia.org/wiki/Czech_Republic
Pavel Nedved,pavel-nedved,UNK,true,Q1208,1208,Pavel Nedved,http://en.wikipedia.org/wiki/Pavel_Nedvěd
Paolo Negro,paolo-negro,UNK,true,Q1208,1208,Paolo Negro,http://en.wikipedia.org/wiki/Paolo_Negro
AS Roma,as-roma,UNK,true,Q1208,1208,Roma,http://en.wikipedia.org/wiki/A.S._Roma
Argentine,argentine,UNK,true,Q1208,1208,Argentine,http://en.wikipedia.org/wiki/Argentina
Abel Balbo,abel-balbo,UNK,true,Q1208,1208,Abel Balbo,http://en.wikipedia.org/wiki/Abel_Balbo
Marco Delvecchio,marco-delvecchio,UNK,true,Q1208,1208,Marco Delvecchio,http://en.wikipedia.org/wiki/Marco_Delvecchio
Francesco Totti,francesco-totti,UNK,true,Q1208,1208,Francesco Totti,http://en.wikipedia.org/wiki/Francesco_Totti
Udinese,udinese,UNK,true,Q1208,1208,Udinese,http://en.wikipedia.org/wiki/Udinese_Calcio
AC Milan,ac-milan,UNK,true,Q1208,1208,Milan,http://en.wikipedia.org/wiki/A.C._Milan
Norwegian,norwegian,UNK,true,Q1208,1208,Norwegian,http://en.wikipedia.org/wiki/Norway
Rosenborg,rosenborg,UNK,true,Q1208,1208,Rosenborg,http://en.wikipedia.org/wiki/Rosenborg_BK
Liberian,liberian,UNK,true,Q1208,1208,Liberian,http://en.wikipedia.org/wiki/Liberia
George Weah,george-weah,UNK,true,Q1208,1208,George Weah,http://en.wikipedia.org/wiki/George_Weah
Roberto Baggio,roberto-baggio,UNK,true,Q1208,1208,Roberto Baggio,http://en.wikipedia.org/wiki/Roberto_Baggio
Montenegrin,montenegrin,UNK,true,Q1208,1208,Montenegrin,http://en.wikipedia.org/wiki/Montenegro
Dejan Savicevic,dejan-savicevic,UNK,true,Q1208,1208,Dejan Savicevic,http://en.wikipedia.org/wiki/Dejan_Savićević
Oliver Bierhoff,oliver-bierhoff,UNK,true,Q1208,1208,Oliver Bierhoff,http://en.wikipedia.org/wiki/Oliver_Bierhoff
Verona,verona,UNK,true,Q1208,1208,Verona,http://en.wikipedia.org/wiki/Hellas_Verona_F.C.
Roberto Ayala,roberto-ayala,UNK,true,Q1208,1208,Roberto Ayala,http://en.wikipedia.org/wiki/Roberto_Ayala
Eugenio Corini,eugenio-corini,UNK,true,Q1208,1208,Eugenio Corini,http://en.wikipedia.org/wiki/Eugenio_Corini
Parma,parma,UNK,true,Q1208,1208,Parma,http://en.wikipedia.org/wiki/Parma_F.C.
Mario Stanic,mario-stanic,UNK,true,Q1208,1208,Mario Stanic,http://en.wikipedia.org/wiki/Mario_Stanić
French,french,UNK,true,Q1208,1208,French,http://en.wikipedia.org/wiki/France
Daniel Bravo,daniel-bravo,UNK,true,Q1208,1208,Daniel Bravo,http://en.wikipedia.org/wiki/Daniel_Bravo
Fabio Cannavaro,fabio-cannavaro,UNK,true,Q1208,1208,Fabio Cannavaro,http://en.wikipedia.org/wiki/Fabio_Cannavaro
Atalanta,atalanta,UNK,true,Q1208,1208,Atalanta,http://en.wikipedia.org/wiki/Atalanta_B.C.
Filippo Inzaghi,filippo-inzaghi,UNK,true,Q1208,1208,Filippo Inzaghi,http://en.wikipedia.org/wiki/Filippo_Inzaghi
Sampdoria,sampdoria,UNK,true,Q1208,1208,Sampdoria,http://en.wikipedia.org/wiki/U.C._Sampdoria
Juventus,juventus,UNK,true,Q1208,1208,Juventus,http://en.wikipedia.org/wiki/Juventus_F.C.
Portuguese,portuguese,UNK,true,Q1208,1208,Portuguese,http://en.wikipedia.org/wiki/Portugal
Dimas,dimas,UNK,true,Q1208,1208,Dimas,http://en.wikipedia.org/wiki/Dimas_Teixeira
Alessandro Del Piero,alessandro-del-piero,UNK,true,Q1208,1208,Alessandro Del Piero,http://en.wikipedia.org/wiki/Alessandro_Del_Piero
Alen Boksic,alen-boksic,UNK,true,Q1208,1208,Alen Boksic,http://en.wikipedia.org/wiki/Alen_Bokšić
Roberto Mancini,roberto-mancini,UNK,true,Q1208,1208,Roberto Mancini,http://en.wikipedia.org/wiki/Roberto_Mancini
Pierre Laigle,pierre-laigle,UNK,true,Q1208,1208,Pierre Laigle,http://en.wikipedia.org/wiki/Pierre_Laigle
Internazionale,internazionale,UNK,true,Q1208,1208,Internazionale,http://en.wikipedia.org/wiki/Inter_Milan
Uruguayan,uruguayan,UNK,true,Q1208,1208,Uruguayan,http://en.wikipedia.org/wiki/Uruguay
Marcelo Otero,marcelo-otero,UNK,true,Q1208,1208,Marcelo Otero,http://en.wikipedia.org/wiki/Marcelo_Otero
Chilean,chilean,UNK,true,Q1208,1208,Chilean,http://en.wikipedia.org/wiki/Chile
Ivan Zamorano,ivan-zamorano,UNK,true,Q1208,1208,Ivan Zamorano,http://en.wikipedia.org/wiki/Iván_Zamorano
